name,headquarter,market_capitalization
Taishin Financial Holding Co Ltd,TW,"$8,228"
Turkiye Is Bankasi AS,TR,"$10,133"
KB Financial Group Inc,KR,"$22,242"
CIMB Group Holdings Bhd,MY,"$20,181"
Chailease Holding Company Ltd,TW,"$6,694"
Woori Financial Group Inc,KR,"$8,624"
Shanghai Commercial & Savings Bank Ltd,TW,"$6,541"
Hana Financial Group Inc,KR,"$12,057"
Malayan Banking Bhd,MY,"$28,634"
Turkiye Sinai Kalkinma Bankasi AS,TR,$981
Shinhan Financial Group Co Ltd,KR,"$16,864"
Akbank TAS,TR,"$9,131"
Hong Leong Bank Bhd,MY,"$10,016"
Abrdn PLC,GB,"$3,546"
Eurobank Ergasias Services and Holdings SA,GR,"$8,969"
CaixaBank SA,ES,"$45,210"
Bank Central Asia Tbk PT,ID,"$68,215"
Yuanta Financial Holding Co Ltd,TW,"$14,200"
Bank Mandiri (Persero) Tbk PT,ID,"$27,884"
Samsung Securities Co Ltd,KR,"$2,887"
Banco Santander-Chile,CL,"$10,393"
Alpha Services and Holdings SA,GR,"$4,276"
ING Bank Slaski SA,PL,"$9,845"
Turkiye Halk Bankasi AS,TR,"$3,785"
FinecoBank Banca Fineco SpA,IT,"$11,335"
Grupo Security SA,CL,"$1,123"
CIMB Thai Bank PCL,TH,$566
CTBC Financial Holding Co Ltd,TW,"$25,004"
Bank Leumi Le Israel BM,IL,"$19,510"
Bank Rakyat Indonesia (Persero) Tbk PT,ID,"$36,938"
Noah Holdings Ltd,CN,$730
Banco Bbva Argentina SA,AR,"$4,434"
E.SUN Financial Holding Co Ltd,TW,"$14,113"
Marocaine pour le Commerce et l'Industrie Banque SA,MA,$858
Grupo Financiero Banorte SAB de CV,MX,"$21,121"
National Bank of Bahrain BSC,BH,"$2,887"
TBC Bank Group PLC,GB,"$2,568"
mBank SA,PL,"$7,320"
Public Bank Bhd,MY,"$19,554"
Bank of New York Mellon Corp,US,"$61,362"
Bper Banca SpA,IT,"$9,418"
Banco Bilbao Vizcaya Argentaria Colombia SA,CO,$753
BNK Financial Group Inc,KR,"$2,487"
First Financial Holding Co Ltd,TW,"$11,886"
Mega Financial Holding Co Ltd,TW,"$17,495"
Banco Comercial Portugues SA,PT,"$7,919"
First Abu Dhabi Bank PJSC,AE,"$43,348"
Bankinter SA,ES,"$7,852"
Banca Transilvania SA,RO,"$5,225"
Anima Holding SpA,IT,"$2,297"
Legal & General Group PLC,GB,"$17,395"
Banco Bradesco SA,BR,"$21,436"
IGM Financial Inc,CA,"$7,343"
Hang Seng Bank Ltd,HK,"$25,003"
Sinolink Securities Co Ltd,CN,"$4,557"
Bolsas y Mercados Argentinos SA,AR,"$1,376"
Nippon Life India Asset Management Ltd,IN,"$4,038"
Turkiye Garanti Bankasi AS,TR,"$15,123"
B3 SA Brasil Bolsa Balcao,BR,"$10,526"
Santander Bank Polska SA,PL,"$13,003"
JB Financial Group Co Ltd,KR,"$2,373"
Sekerbank TAS,TR,$269
Yuanta Securities Korea Co Ltd,KR,$391
Mizrahi Tefahot Bank Ltd,IL,"$12,461"
First Capital Securities Co Ltd,CN,"$4,722"
illimity Bank SpA,IT,$325
Itau Unibanco Holding SA,BR,"$55,630"
Perpetual Ltd,AU,"$1,636"
Piraeus Financial Holdings SA,GR,"$5,652"
Haitong Securities Co Ltd,CN,"$16,577"
Abu Dhabi Islamic Bank PJSC,AE,"$15,980"
Fosun International Ltd,HK,"$4,547"
Albaraka Turk Katilim Bankasi AS,TR,$459
Sparebank 1 Sor-Norge ASA,NO,"$5,384"
Daiwa Securities Group Inc,JP,"$10,817"
Bancolombia SA,CO,"$9,913"
SCB X PCL,TH,"$12,484"
Kenanga Investment Bank Bhd,MY,$160
Nova Ljubljanska banka dd Ljubljana,SI,"$2,896"
BAWAG Group AG,AT,"$7,153"
China Zheshang Bank Co Ltd,CN,"$10,267"
Regions Financial Corp,US,"$22,171"
Bursa Malaysia Bhd,MY,"$1,493"
ORIX Corp,JP,"$23,537"
Banco BBVA Peru SA,PE,"$3,476"
Federal Bank Ltd,IN,"$5,204"
Banca Monte dei Paschi di Siena SpA,IT,"$8,316"
RHB Bank Bhd,MY,"$6,422"
Bank of Africa SA,MA,"$4,383"
National Bank of Canada,CA,"$34,287"
Taiwan Cooperative Financial Holding Co Ltd,TW,"$11,298"
Banco Davivienda SA,CO,$532
Absa Group Ltd,ZA,"$9,182"
Huatai Securities Co Ltd,CN,"$20,693"
Storebrand ASA,NO,"$5,477"
AMMB Holdings Bhd,MY,"$4,407"
Abu Dhabi Commercial Bank PJSC,AE,"$24,434"
Mirae Asset Securities Co Ltd,KR,"$3,809"
Sinopac Financial Holdings Co Ltd,TW,"$8,660"
Banco BPM SpA,IT,"$13,923"
Amalgamated Bank,US,"$1,108"
Bank Handlowy w Warszawie SA,PL,"$3,292"
Bank Hapoalim BM,IL,"$17,559"
Singapore Exchange Ltd,SG,"$10,819"
Banco do Brasil SA,BR,"$27,901"
Vontobel Holding AG,CH,"$4,189"
Yapi ve Kredi Bankasi AS,TR,"$6,735"
Turkiye Vakiflar Bankasi TAO,TR,"$7,047"
Intesa Sanpaolo SpA,IT,"$81,137"
Grupo Financiero Galicia SA,AR,"$8,785"
Erste Group Bank AG,AT,"$26,992"
ESR Group Ltd,HK,"$6,647"
Deutsche Boerse AG,DE,"$46,905"
Banco Bilbao Vizcaya Argentaria SA,ES,"$69,888"
Grenke AG,DE,$774
Mizuho Financial Group Inc,JP,"$69,376"
Hellenic Exchanges Athens Stock Exchange SA,GR,$298
GAM Holding AG,CH,$115
Arab Bank PLC,JO,"$4,335"
Qatar National Bank QPSC,QA,"$42,010"
Fifth Third Bancorp,US,"$29,474"
Jefferies Financial Group Inc,US,"$14,822"
Camden National Corp,US,$769
Far East Horizon Ltd,HK,"$3,160"
Man Group PLC,GB,"$3,067"
Is Finansal Kiralama AS,TR,$247
Associated Banc-Corp,US,"$4,168"
Bank of Queensland Ltd,AU,"$2,927"
TISCO Financial Group PCL,TH,"$2,330"
Banca Mediolanum SpA,IT,"$10,431"
Banque Saudi Fransi SJSC,SA,"$11,133"
Rathbones Group PLC,GB,"$1,972"
Guosen Securities Co Ltd,CN,"$14,128"
Banco de Credito e Inversiones,CL,"$7,165"
3i Group PLC,GB,"$48,208"
China Everbright Ltd,HK,"$1,146"
Kiatnakin Phatra Bank PCL,TH,"$1,276"
Credit du Maroc Ste SA,MA,"$1,215"
Coronation Fund Managers Ltd,ZA,$779
Huntington Bancshares Inc,US,"$24,508"
Guolian Minsheng Securities Co Ltd,CN,"$8,519"
Kasikornbank PCL,TH,"$11,059"
KakaoBank Corp,KR,"$7,775"
Bank Polska Kasa Opieki SA,PL,"$10,869"
Alinma Bank SJSC,SA,"$20,533"
Hua Nan Financial Holdings Co Ltd,TW,"$11,653"
IDFC First Bank Ltd,IN,"$5,244"
Chang Hwa Commercial Bank Ltd,TW,"$6,181"
RBL Bank Ltd,IN,"$1,124"
Marui Group Co Ltd,JP,"$3,444"
BDO Unibank Inc,PH,"$12,605"
Banco de Credito del Peru,PE,"$13,952"
Voya Financial Inc,US,"$7,103"
Guoyuan Securities Co Ltd,CN,"$5,040"
Bank Muscat SAOG,OM,"$4,993"
Bank of the Philippine Islands,PH,"$11,879"
United Overseas Bank Ltd,SG,"$46,727"
ProCredit Holding AG,DE,$546
Mitsubishi HC Capital Inc,JP,"$9,769"
flatexDEGIRO AG,DE,"$2,035"
Euronext NV,NL,"$12,246"
Regional SAB de CV,MX,"$2,195"
Oversea-Chinese Banking Corporation Ltd,SG,"$57,730"
Banque Cantonale Vaudoise,CH,"$8,805"
Credicorp Ltd,PE,"$14,967"
Australian Ethical Investment Ltd,AU,$348
Qatar National Bank,EG,"$1,305"
Banca Generali SpA,IT,"$6,407"
Cboe Global Markets Inc,US,"$21,775"
Quilter PLC,GB,"$2,743"
Industrial Bank of Korea,KR,"$8,393"
Bank Permata Tbk PT,ID,"$2,932"
Close Brothers Group PLC,GB,$679
Bank OCBC NISP Tbk PT,ID,"$1,818"
BRD Groupe Societe Generale SA,RO,"$2,654"
OSB Group PLC,GB,"$1,935"
M&T Bank Corp,US,"$33,053"
IP Group PLC,GB,$579
Bank CIMB Niaga Tbk PT,ID,"$2,570"
DWS Group GmbH & Co KgaA,DE,"$10,190"
HDFC Asset Management Company Ltd,IN,"$9,122"
Mahindra and Mahindra Financial Services Ltd,IN,"$3,928"
Investec Ltd,ZA,"$6,175"
Edelweiss Financial Services Ltd,IN,"$1,120"
Georgia Capital PLC,GB,$583
Powszechna Kasa Oszczednosci Bank Polski SA,PL,"$21,119"
Nanjing Securities Co Ltd,CN,"$4,379"
Boubyan Bank KSCP,KW,"$8,878"
Guotai Junan International Holdings Ltd,HK,"$1,444"
Jupiter Fund Management PLC,GB,$526
Banca IFIS SpA,IT,"$1,165"
AU Small Finance Bank Ltd,IN,"$4,755"
Taiwan Business Bank Ltd,TW,"$4,261"
Kruk SA,PL,"$2,137"
Lion Finance Group PLC,GB,"$2,731"
Triumph Financial Inc,US,"$1,788"
Alliance Bank Malaysia Bhd,MY,"$1,847"
Banco de Chile,CL,"$13,087"
Komercni Banka as,CZ,"$7,896"
Bank Maybank Indonesia Tbk PT,ID,$893
Nedbank Group Ltd,ZA,"$7,452"
Emirates NBD Bank PJSC,AE,"$36,975"
Brookfield Corp,CA,"$96,582"
Credit Agricole SA,FR,"$47,728"
Nationwide Building Society,GB,"$1,730"
Grupo Supervielle SA,AR,"$1,259"
Orient Securities Co Ltd,CN,"$10,969"
Columbia Banking System Inc,US,"$5,865"
Southwest Securities Co Ltd,CN,"$4,192"
Guotai Junan Securities Co Ltd,CN,"$20,291"
Far Eastern International Bank,TW,"$1,733"
Vietnam Prosperity Joint Stock Commercial Bank,VN,"$5,874"
BOC Hong Kong Holdings Ltd,HK,"$36,501"
Bangkok Bank PCL,TH,"$8,628"
Caitong Securities Co Ltd,CN,"$5,103"
Sealand Securities Co Ltd,CN,"$3,758"
Lease IT PCL,TH,$7
Banc of California Inc,US,"$2,781"
Ricoh Leasing Co Ltd,JP,"$1,057"
FirstRand Ltd,ZA,"$23,071"
China Citic Bank Corp Ltd,CN,"$45,649"
BBGI Global Infrastructure SA,LU,"$1,264"
JM Financial Ltd,IN,"$1,124"
Dovalue SpA,IT,$319
Resona Holdings Inc,JP,"$17,204"
UTI Asset Management Company Ltd,IN,"$1,481"
GFH Financial Group BSC,BH,"$1,211"
Karnataka Bank Ltd,IN,$788
EQB Inc,CA,"$2,884"
Deutsche Pfandbriefbank AG,DE,$770
Banco Macro SA,AR,"$6,411"
Kbc Groep NV,BE,"$33,247"
Impax Asset Management Group PLC,GB,$353
Lazard Inc,US,"$5,890"
Skandinaviska Enskilda Banken AB,SE,"$31,835"
Paragon Banking Group PLC,GB,"$1,989"
CSB Bank Ltd,IN,$565
AMP Ltd,AU,"$2,805"
Shenwan Hongyuan Group Co Ltd,CN,"$16,768"
NBT Bancorp Inc,US,"$2,318"
Insignia Financial Ltd,AU,"$1,942"
Gentera SAB de CV,MX,"$2,178"
Jammu and Kashmir Bank Ltd,IN,"$1,265"
Artisan Partners Asset Management Inc,US,"$3,643"
Synovus Financial Corp,US,"$7,871"
Bread Financial Holdings Inc,US,"$3,106"
National Bank of Kuwait SAKP,KW,"$27,097"
Bank of Beijing Co Ltd,CN,"$17,274"
Banco Hipotecario SA,AR,$660
SEI Investments Co,US,"$10,488"
L&T Finance Ltd,IN,"$4,045"
T Rowe Price Group Inc,US,"$24,314"
Muangthai Capital PCL,TH,"$2,771"
Societe Generale SA,FR,"$30,147"
PNC Financial Services Group Inc,US,"$78,879"
EQT Holdings Ltd,AU,$573
Bangkok Commercial Asset Management PCL,TH,$573
Dubai Islamic Bank Public JSC,AE,"$14,983"
Janus Henderson Group PLC,GB,"$6,974"
Partners Group Holding AG,CH,"$41,296"
Ashmore Group PLC,GB,"$1,435"
St James's Place PLC,GB,"$7,514"
B2 Impact ASA,NO,$342
Krung Thai Bank PCL,TH,"$9,620"
Commercial Bank PSQC,QA,"$5,078"
Bolsa de Valores de Colombia SA,CO,$164
MCB Group Ltd,MU,"$2,628"
Pinnacle Investment Management Group Ltd,AU,"$3,428"
International Personal Finance PLC,GB,$343
Is Yatirim Menkul Degerler AS,TR,"$1,796"
Banco de Sabadell SA,ES,"$13,495"
Bank Alfalah Ltd,PK,$437
PennyMac Financial Services Inc,US,"$5,272"
First Busey Corp,US,"$1,439"
Capital Securities Corp,TW,"$1,714"
Jiangxi Bank Co Ltd,CN,$549
Bank Danamon Indonesia Tbk PT,ID,"$1,484"
Corporacion Financiera de Desarrollo SA,PE,
Banco del Bajio SA Institucion de Banca Multiple,MX,"$2,666"
Aozora Bank Ltd,JP,"$2,060"
Mediobanca Banca di Credito Finanziario SpA,IT,"$14,591"
AEON Credit Service (M) Bhd,MY,$652
Avanza Bank Holding AB,SE,"$4,838"
Caida Securities Co Ltd,CN,"$3,113"
Dnb Bank ASA,NO,"$32,105"
Chongqing Rural Commercial Bank Co Ltd,CN,"$8,813"
BFF Bank SpA,IT,"$1,578"
Shanxi Securities Co Ltd,CN,"$3,085"
Bank of Cyprus Holdings PLC,CY,"$2,256"
Krungthai Card PCL,TH,"$3,923"
Marketaxess Holdings Inc,US,"$7,363"
Shanghai Rural Commercial Bank Co Ltd,CN,"$10,823"
Intermediate Capital Group PLC,GB,"$8,417"
Swissquote Group Holding SA,CH,"$7,003"
Bank Aladin Syariah Tbk PT,ID,$732
Ameriprise Financial Inc,US,"$50,871"
Arion banki hf,IS,"$1,875"
Huaan Securities Co Ltd,CN,"$3,799"
Concordia Financial Group Ltd,JP,"$6,545"
Rce Capital Bhd,MY,$479
China Securities Co Ltd,CN,"$23,844"
NZX Ltd,NZ,$281
Islandsbanki hf,IS,"$1,816"
Attijariwafa Bank SA,MA,"$13,410"
Hong Leong Financial Group Bhd,MY,"$4,675"
Industrial Bank Co Ltd,CN,"$59,134"
Webster Financial Corp,US,"$10,258"
Qatar Islamic Bank QPSC,QA,"$13,548"
Commonwealth Bank of Australia,AU,"$174,823"
Bank of Guizhou Co Ltd,CN,"$2,003"
AVIC Industry Finance Holdings Co Ltd,CN,"$4,358"
Pacific Premier Bancorp Inc,US,"$2,513"
Nasdaq Inc,US,"$46,147"
Yamaguchi Financial Group Inc,JP,"$2,574"
Bank of Ireland Group PLC,IE,"$10,207"
Bank of Zhengzhou Co Ltd,CN,"$2,212"
Cembra Money Bank AG,CH,"$3,040"
Ujjivan Small Finance Bank Ltd,IN,$767
Resurs Holding AB (publ),SE,$432
First Financial Bancorp,US,"$2,732"
Westwood Holdings Group Inc,US,$142
NH Investment & Securities Co Ltd,KR,"$3,503"
Acadian Asset Management Inc,US,$985
Indusind Bank Ltd,IN,"$9,332"
London Stock Exchange Group PLC,GB,"$76,793"
Axactor ASA,NO,$101
AIB Group PLC,IE,"$14,326"
Pensionbee Group PLC,GB,$447
Amundi SA,FR,"$14,608"
Investec PLC,GB,"$6,175"
Ratos AB,SE,"$1,063"
TMBThanachart Bank PCL,TH,"$5,582"
Al Ahli Bank of Kuwait KSCP,KW,"$2,481"
China International Capital Corp Ltd,CN,"$16,504"
DBS Group Holdings Ltd,SG,"$94,572"
Fulton Financial Corp,US,"$3,802"
Fleetpartners Group Ltd,AU,$390
MLP SE,DE,$809
Bank of Nova Scotia,CA,"$63,518"
Qnb Bank AS,TR,"$23,780"
JSE Ltd,ZA,$588
Cholamandalam Investment and Finance Company Ltd,IN,"$13,097"
Bank of Shanghai Co Ltd,CN,"$17,887"
Raymond James Financial Inc,US,"$33,390"
Bank of Ayudhya PCL,TH,"$5,020"
EQT AB,SE,"$41,726"
Bank of East Asia Ltd,HK,"$3,378"
Korea Investment Holdings Co Ltd,KR,"$3,279"
ASX Ltd,AU,"$7,713"
Bank of Nanjing Co Ltd,CN,"$16,040"
TP ICAP Group PLC,GB,"$2,494"
Credit Immobilier et Hotelier SA,MA,"$1,474"
CreditAccess Grameen Ltd,IN,"$1,836"
Mitsubishi UFJ Financial Group Inc,JP,"$150,886"
Luzerner Kantonalbank AG,CH,"$3,804"
HDFC Bank Ltd,IN,"$150,449"
Valley National Bancorp,US,"$5,750"
Foresight Group Holdings Ltd,GB,$566
Sparebank 1 Ostlandet,NO,"$1,997"
Synchrony Financial,US,"$25,358"
China Galaxy Securities Co Ltd,CN,"$17,828"
Itausa SA,BR,"$18,368"
Home First Finance Company India Ltd,IN,$973
Harbin Bank Co Ltd,CN,$487
Unicaja Banco SA,ES,"$3,954"
Diamond Hill Investment Group Inc,US,$399
Japan Post Bank Co Ltd,JP,"$37,521"
CITIC Securities Co Ltd,CN,"$54,750"
Ramsdens Holdings PLC,GB,$96
Truist Financial Corp,US,"$62,296"
Yes Bank Ltd,IN,"$6,550"
Saudi National Bank SJSC,SA,"$54,240"
Hongta Securities Co Ltd,CN,"$5,319"
Bank of Ningbo Co Ltd,CN,"$23,036"
Independent Bank Corp (Massachusetts),US,"$2,985"
Samsung Card Co Ltd,KR,"$3,362"
Bar Harbor Bankshares,US,$510
Flow Traders Ltd,NL,"$1,120"
Nomura Holdings Inc,JP,"$20,820"
SBI Cards and Payment Services Ltd,IN,"$8,949"
Can Fin Homes Ltd,IN,$946
China Everbright Bank Co Ltd,CN,"$28,842"
DCB Bank Ltd,IN,$412
Standard Chartered PLC,GB,"$33,586"
Intercontinental Exchange Inc,US,"$95,918"
Shriram Finance Ltd,IN,"$11,854"
Scotiabank Peru SAA,PE,"$2,328"
Guangzhou Yuexiu Capital Holdings Group Co Ltd,CN,"$4,738"
Cholamandalam Financial Holdings Ltd,IN,"$3,187"
Washington Trust Bancorp Inc,US,$643
Ratchthani Leasing PCL,TH,$219
Kotak Mahindra Bank Ltd,IN,"$44,533"
McMillan Shakespeare Ltd,AU,$611
ICICI Bank Ltd,IN,"$101,870"
First Hawaiian Inc,US,"$3,508"
Bank Jago Tbk PT,ID,"$1,568"
Nordea Bank Abp,FI,"$42,483"
Molten Ventures PLC,GB,$709
Banner Corp,US,"$2,419"
Credito Emiliano SpA,IT,"$4,221"
China Minsheng Banking Corp Ltd,CN,"$24,161"
Bajaj Finserv Ltd,IN,"$32,869"
Piper Sandler Companies,US,"$5,405"
Stanbic Uganda Holdings Ltd,UG,$642
Bank of Montreal,CA,"$72,458"
FNB Corp,US,"$5,671"
BNP Paribas SA,FR,"$81,730"
Pathward Financial Inc,US,"$1,935"
China Development Bank Financial Leasing Co Ltd,CN,"$1,947"
MBH Bank Nyrt,HU,"$6,049"
HarborOne Bancorp Inc,US,$545
Gulf Bank KSCP,KW,"$4,018"
Northeast Securities Co Ltd,CN,"$2,585"
Principal Financial Group Inc,US,"$19,545"
IG Group Holdings PLC,GB,"$4,336"
Walker & Dunlop Inc,US,"$3,170"
Apollo Global Management Inc,US,"$89,444"
Corporacion Financiera Alba SA,ES,"$5,202"
Halyk Bank AO,KZ,"$5,482"
GF Securities Co Ltd,CN,"$15,312"
Bank of Jiujiang Co Ltd,CN,"$1,842"
Australian Finance Group Ltd,AU,$303
Banco Santander SA,ES,"$88,325"
Berkshire Hills Bancorp Inc,US,"$1,401"
Julius Baer Gruppe AG,CH,"$13,038"
Centuria Capital Group,AU,$886
REC Limited,IN,"$12,380"
National Australia Bank Ltd,AU,"$79,469"
UMB Financial Corp,US,"$8,266"
Corporacion Financiera Colombiana SA,CO,"$1,524"
Enterprise Financial Services Corp,US,"$2,285"
LH Financial Group PCL,TH,$469
Ecobank Transnational Incorporated SA,TG,$525
TMX Group Ltd,CA,"$9,567"
Encore Capital Group Inc,US,"$1,202"
Matba Rofex SA,AR,$242
First Business Financial Services Inc,US,$460
Japan Exchange Group Inc,JP,"$11,033"
Raiffeisen Bank International AG,AT,"$7,933"
OceanFirst Financial Corp,US,"$1,096"
CNPC Capital Co Ltd,CN,"$11,920"
Fuyo General Lease Co Ltd,JP,"$2,216"
China Construction Bank Corp,CN,"$214,478"
BROOKFIELD ASSET MANAGEMENT LTD,CA,"$91,110"
United Community Banks Inc,US,"$4,126"
BankUnited Inc,US,"$3,075"
Brooks Macdonald Group PLC,GB,$298
Karur Vysya Bank Ltd,IN,"$2,083"
Antin Infrastructure Partners SAS,FR,"$2,079"
UniCredit SpA,IT,"$74,956"
Bank Ozk,US,"$6,024"
Banca Popolare Di Sondrio SpA,IT,"$4,423"
MyState Ltd,AU,$320
Sumitomo Mitsui Financial Group Inc,JP,"$96,003"
Emirates Islamic Bank PJSC,AE,"$14,637"
AerCap Holdings NV,IE,"$18,541"
Everbright Securities Co Ltd,CN,"$10,256"
Bandhan Bank Ltd,IN,"$2,644"
Wintrust Financial Corp,US,"$8,803"
ANZ Group Holdings Ltd,AU,"$58,485"
CMC Markets PLC,GB,$761
Bank Millennium SA,PL,"$3,280"
Security Bank Corp,PH,"$1,008"
MA Financial Group Ltd,AU,$832
Agricultural Bank of China Ltd,CN,"$241,762"
OTP Bank Nyrt,HU,"$17,537"
Eurazeo SE,FR,"$6,245"
Saudi Investment Bank SJSC,SA,"$5,093"
Credit Acceptance Corp,US,"$6,114"
Housing Bank for Trade and Finance PSC,JO,"$1,598"
Sammaan Capital Ltd,IN,"$1,180"
Heritage Financial Corp,US,$852
Macquarie Group Ltd,AU,"$56,501"
State Street Corp,US,"$28,475"
Bank of Qingdao Co Ltd,CN,"$2,974"
MCB Bank Ltd,PK,"$1,177"
Bank of Baroda Ltd,IN,"$12,664"
Liontrust Asset Management PLC,GB,$358
Piramal Enterprises Ltd,IN,"$2,533"
Federal National Mortgage Association,US,"$7,898"
Community Trust Bancorp Inc,US,"$1,027"
EFG International AG,CH,"$4,853"
Al Rajhi Banking and Investment Corporation SJSC,SA,"$106,240"
Alerus Financial Corp,US,$556
Swedbank AB,SE,"$25,894"
Doha Bank QPSC,QA,"$1,744"
NatWest Group PLC,GB,"$44,724"
Mercantile Bank Corp,US,$836
Pt Bank Syariah Indonesia Tbk,ID,"$8,369"
City Union Bank Ltd,IN,"$1,421"
SLM Corp,US,"$6,125"
Northrim BanCorp Inc,US,$494
Funding Circle Holdings PLC,GB,$427
Bank Sinarmas Tbk PT,ID,"$1,019"
ICICI Securities Ltd,IN,"$3,118"
Jiangsu Changshu Rural Commercial Bank Co Ltd,CN,"$3,008"
PNB Housing Finance Ltd,IN,"$2,451"
Zhejiang Orient Financial Holdings Group Co Ltd,CN,"$4,221"
JSW Holdings Ltd,IN,"$2,039"
Platinum Asset Management Ltd,AU,$253
Alandsbanken Abp,FI,$598
Laurentian Bank of Canada,CA,$850
National Bank of Ras Al Khaimah PSC,AE,"$3,701"
XPS Pensions Group PLC,GB,$915
Capri Global Capital Ltd,IN,"$1,564"
Kuwait Finance House KSCP,KW,"$44,142"
Thanulux PCL,TH,$313
GATX Corp,US,"$5,925"
IIFL Capital Services Ltd,IN,$823
XP Inc,KY,"$7,667"
Lloyds Banking Group PLC,GB,"$47,180"
National Bank of Fujairah PJSC,AE,"$3,302"
Deutsche Beteiligungs AG,DE,$477
Zions Bancorporation NA,US,"$8,405"
Tianfeng Securities Co Ltd,CN,"$5,657"
Bank of Bahrain and Kuwait BSC,BH,"$2,309"
Yongan Futures Co Ltd,CN,"$2,596"
Hong Kong Exchanges and Clearing Ltd,HK,"$54,640"
Evercore Inc,US,"$10,110"
Canadian Imperial Bank of Commerce,CA,"$57,788"
Catella AB,SE,$215
OVB Holding AG,DE,$288
Manappuram Finance Ltd,IN,"$1,867"
UBS Group AG,CH,"$114,910"
China Great Wall Securities Co Ltd,CN,"$4,461"
Intercorp Financial Services Inc,PE,"$3,769"
Oportun Financial Corp,US,$207
Texas Capital Bancshares Inc,US,"$3,877"
Charles Schwab Corp,US,"$152,432"
Equitas Small Finance Bank Ltd,IN,$854
Industrial Securities Co Ltd,CN,"$7,304"
Postal Savings Bank of China Co Ltd,CN,"$69,376"
CPI Card Group Inc,US,$322
Credit Saison Co Ltd,JP,"$4,339"
Ninety One PLC,GB,"$1,653"
Metro Bank Holdings PLC,GB,$864
Jordan Ahli Bank PSC,JO,$297
Commerzbank AG,DE,"$23,069"
Tikehau Capital SCA,FR,"$3,959"
TF Bank AB,SE,$746
Pacific Current Group Ltd,AU,$386
Bank of Suzhou Co Ltd,CN,"$4,215"
Gielda Papierow Wartosciowych w Warszawie SA,PL,$440
Trico Bancshares,US,"$1,484"
Univest Financial Corp,US,$910
Metropolitan Bank and Trust Co,PH,"$5,508"
Changjiang Securities Co Ltd,CN,"$5,025"
CVB Financial Corp,US,"$2,882"
International Public Partnerships Ltd,GG,"$2,823"
Motilal Oswal Financial Services Ltd,IN,"$4,523"
Royal Bank of Canada,CA,"$167,035"
Valiant Holding AG,CH,"$1,959"
RBB Bancorp,US,$327
China Cinda Asset Management Co Ltd,CN,"$14,340"
Element Fleet Management Corp,CA,"$7,913"
360 One Wam Ltd,IN,"$4,318"
Macquarie Bank Ltd,AU,$417
Record PLC,GB,$136
Axis Bank Ltd,IN,"$35,919"
Burgan Bank KPSC,KW,"$2,420"
Hargreaves Lansdown PLC,GB,"$6,467"
Ping An Bank Co Ltd,CN,"$30,328"
American Express Co,US,"$217,483"
Banco Patagonia SA,AR,"$1,904"
Flushing Financial Corp,US,$510
Credit Corp Group Ltd,AU,$664
Poonawalla Fincorp Ltd,IN,"$2,596"
Blue Foundry Bancorp,US,$225
LCNB Corp,US,$222
StoneX Group Inc,US,"$3,854"
Pinnacle Financial Partners Inc,US,"$9,526"
Centrale Populaire Banque SA,MA,"$5,745"
VP Bank AG,LI,$528
Arab National Bank SJSC,SA,"$11,435"
Cohen & Steers Inc,US,"$4,359"
Bulgarian Stock Exchange AD,BG,$52
Aditya Birla Sun Life AMC Ltd,IN,"$2,200"
Anand Rathi Wealth Ltd,IN,"$1,730"
Amerant Bancorp Inc,US,"$1,009"
Old National Bancorp,US,"$7,700"
Western Securities Co Ltd,CN,"$4,967"
National Bank of Umm Al-Qaiwain PSC,AE,"$1,247"
IIFL Finance Ltd,IN,"$1,642"
Lesha Bank LLC (Public),QA,$409
KCB Group Plc,KE,"$1,122"
Fonterra Shareholders' Fund,NZ,$301
Dubai Financial Market PJSC,AE,"$3,093"
Central China Securities Co Ltd,CN,"$2,253"
Hua Xia Bank Co Ltd,CN,"$16,030"
Sparebank 1 SMN,NO,"$2,291"
Humm Group Ltd,AU,$184
John Marshall Bancorp Inc,US,$280
Bank of America Corp,US,"$356,112"
Intrum AB,SE,$311
Faysal Bank Ltd,PK,$269
Azimut Holding SpA,IT,"$3,928"
Minmetals Capital Co Ltd,CN,"$3,897"
Power Finance Corporation Ltd,IN,"$14,215"
Philippine National Bank,PH,$762
Zenith Bank PLC,NG,"$1,078"
Citigroup Inc,US,"$153,400"
Aeon Financial Service Co Ltd,JP,"$1,759"
Alior Bank SA,PL,"$3,107"
FS Bancorp Inc,US,$316
First Bancshares Inc (Mississippi),US,"$1,203"
Navient Corp,US,"$1,403"
China Merchants Bank Co Ltd,CN,"$143,599"
PCB Bancorp,US,$298
Aavas Financiers Ltd,IN,"$1,552"
AJ Bell PLC,GB,"$2,226"
Union Bank of the Philippines,PH,"$2,054"
First Commonwealth Financial Corp,US,"$1,721"
Insas Bhd,MY,$141
Finance of America Companies Inc,US,$241
CITIC Ltd,CN,"$33,601"
Bank of Changsha Co Ltd,CN,"$4,975"
LIC Housing Finance Ltd,IN,"$3,441"
China Merchants Securities Co Ltd,CN,"$21,515"
Stifel Financial Corp,US,"$11,073"
China Bohai Bank Co Ltd,CN,"$2,074"
Van Lanschot Kempen NV,NL,"$2,147"
JMT Network Services PCL,TH,$608
Ares Management Corp,US,"$58,344"
Zip Co Ltd,AU,"$1,890"
BlackRock Inc,US,"$153,072"
Sparebanken Sor,NO,$759
Grupo Aval Acciones y Valores SA,CO,"$3,213"
Shanghai Pudong Development Bank Co Ltd,CN,"$41,816"
BSE Ltd,IN,"$8,353"
Central Pacific Financial Corp,US,$818
H & T Group PLC,GB,$182
Ngern Tid Lor PCL,TH,"$1,515"
S&T Bancorp Inc,US,"$1,567"
Barclays PLC,GB,"$54,651"
Bancorp Inc,US,"$2,983"
World Acceptance Corp,US,$842
Bank of Hawaii Corp,US,"$2,968"
Tradeweb Markets Inc,US,"$26,520"
Hirogin Holdings Inc,JP,"$2,412"
Westpac Banking Corp,AU,"$74,815"
Fintel PLC,GB,$344
China CITIC Financial Asset Management Co Ltd,CN,"$7,003"
Capital One Financial Corp,US,"$75,966"
Deutsche Bank AG,DE,"$37,732"
Heritage Commerce Corp,US,$648
Soochow Securities Co Ltd,CN,"$5,365"
Rizal Commercial Banking Corp,PH,"$1,030"
Cathay General Bancorp,US,"$3,356"
Bridgewater Bancshares Inc,US,$419
Nordnet AB (publ),SE,"$5,758"
Saksiam Leasing PCL,TH,$250
International Bancshares Corp,US,"$4,174"
Hong Leong Capital Bhd,MY,$218
Gimv NV,BE,"$1,329"
Angel One Ltd,IN,"$2,443"
Share India Securities Ltd,IN,$529
Standard Bank Group Ltd,ZA,"$19,871"
OP Bancorp,US,$215
First Bancorp Inc,US,$291
Hilltop Holdings Inc,US,"$2,115"
Jyske Bank A/S,DK,"$4,730"
Riverview Bancorp Inc,US,$115
Oberbank AG,AT,"$5,094"
Bajaj Finance Ltd,IN,"$58,611"
Community Financial System Inc,US,"$3,529"
Carlyle Group Inc,US,"$17,734"
Banco ABC Brasil SA,BR,$422
Iyogin Holdings Inc,JP,"$3,275"
Carter Bankshares Inc,US,$418
Kamco Investment Company KSCP,KW,$144
Capitec Bank Holdings Ltd,ZA,"$19,769"
Banco de Valores SA,AR,$311
Industrial and Commercial Bank of China Ltd,CN,"$331,351"
United Bank Ltd,PK,"$1,812"
West Bancorporation Inc,US,$381
Dongxing Securities Corp Ltd,CN,"$4,994"
BOK Financial Corp,US,"$7,235"
East Money Information Co Ltd,CN,"$53,013"
Ahli Bank SAOG,OM,"$1,081"
Senshu Ikeda Holdings Inc,JP,$770
Commercial Bank of Kuwait KPSC,KW,"$4,765"
Zenkoku Hosho Co Ltd,JP,"$2,468"
Pacific Securities Co Ltd,CN,"$3,946"
Southside Bancshares Inc,US,$981
QCR Holdings Inc,US,"$1,315"
Virtus Investment Partners Inc,US,"$1,326"
Bank of Jordan PLC,JO,$631
RF Capital Group Inc,CA,$119
Peapack-Gladstone Financial Corp,US,$619
BOC International China Co Ltd,CN,"$4,186"
South Plains Financial Inc,US,$603
Cairo Amman Bank PSC,JO,$282
Fidelity Bank PLC,NG,$421
Ameris Bancorp,US,"$4,717"
Dah Sing Banking Group Ltd,HK,"$1,501"
Muthoot Finance Ltd,IN,"$10,097"
United Arab Bank PJSC,AE,$825
KKR & Co Inc,US,"$126,537"
Grupo Bursatil Mexicano SA de CV Casa de Bolsa,MX,$799
Authum Investment & Infrastructure Ltd,IN,"$3,286"
FB Financial Corp,US,"$2,490"
Commerce Bancshares Inc,US,"$9,036"
Multi Commodity Exchange of India Ltd,IN,"$3,254"
ChinaLin Securities Co Ltd,CN,"$6,330"
TPG Inc,US,"$21,785"
Sierra Bancorp,US,$448
Bank of China Ltd,CN,"$220,814"
OneMain Holdings Inc,US,"$6,769"
Morgan Stanley,US,"$221,429"
Columbia Financial Inc,US,"$1,645"
Permanent TSB Group Holdings PLC,IE,$848
Spandana Sphoorty Financial Ltd,IN,$258
Paisalo Digital Ltd,IN,$432
Stanbic IBTC Bank Ltd,NG,$590
JPMorgan Chase & Co,US,"$774,190"
Saudi Tadawul Group Holding Company SJSC,SA,"$6,874"
Bridgepoint Group PLC,GB,"$4,029"
Sydbank A/S,DK,"$3,008"
First United Corp,US,$269
Bank of Communications Co Ltd,CN,"$68,160"
Union Bankshares Inc,US,$147
Al Salam Bank BSC,BH,"$1,546"
Qingdao Rural Commercial Bank Corp,CN,"$2,288"
Indian Bank,IN,"$8,045"
Federal Home Loan Mortgage Corp,US,"$4,076"
State Bank of India,IN,"$75,391"
Bellevue Group AG,CH,$209
Atlantic Union Bankshares Corp,US,"$3,485"
Affin Bank Bhd,MY,"$1,499"
Seven Bank Ltd,JP,"$2,361"
G Capital PCL,TH,$5
Stock Yards Bancorp Inc,US,"$2,286"
Judo Capital Holdings Ltd,AU,"$1,326"
Hancock Whitney Corp,US,"$5,187"
Matsui Securities Co Ltd,JP,"$1,367"
Eagle Bancorp Inc,US,$792
Commercial Bank of Dubai psc,AE,"$6,640"
JTC PLC,JE,"$1,995"
ABC Arbitrage SA,FR,$324
CrossFirst Bankshares Inc,US,$833
Meezan Bank Ltd,PK,"$1,532"
Auburn National Bancorporation Inc,US,$73
Mid Penn Bancorp Inc,US,$581
Hub24 Ltd,AU,"$4,148"
Bank of Sharjah PJSC,AE,$761
Wells Fargo & Co,US,"$261,931"
Velocity Financial Inc,US,$616
Spar Nord Bank A/S,DK,"$3,400"
Bank of Chengdu Co Ltd,CN,"$9,785"
Kuwait International Bank KSCP,KW,"$1,187"
Middlefield Banc Corp,US,$208
Enterprise Bancorp Inc,US,$543
Esterad Investment Company BSC,BH,$89
Toronto-Dominion Bank,CA,"$106,007"
Secure Trust Bank PLC,GB,$108
Sundaram Finance Ltd,IN,"$5,677"
Jiangsu Financial Leasing Co Ltd,CN,"$4,098"
Capital City Bank Group Inc,US,$645
Bank Albilad SJSC,SA,"$13,050"
Bank of Chongqing Co Ltd,CN,"$3,565"
Northwest Bancshares Inc,US,"$1,692"
City Holding Co,US,"$1,770"
Lakeland Financial Corp,US,"$1,769"
Netwealth Group Ltd,AU,"$4,815"
Orrstown Financial Services Inc,US,$672
Plumas Bancorp,US,$276
ServisFirst Bancshares Inc,US,"$5,028"
77 Bank Ltd,JP,"$2,243"
Huaxi Securities Co Ltd,CN,"$3,018"
Yangzijiang Financial Holding Ltd,SG,"$1,385"
Ally Financial Inc,US,"$11,605"
First Horizon Corp,US,"$11,753"
Five Star Bancorp,US,$670
HSBC Holdings PLC,GB,"$193,328"
Jiangsu Zijin Rural Commercial Bank Co Ltd,CN,"$1,393"
SDIC Capital Co Ltd,CN,"$6,458"
CB Financial Services Inc,US,$157
Oppenheimer Holdings Inc,US,$683
Amigo Holdings PLC,GB,$3
Hoist Finance AB (publ),SE,$667
Solvar Ltd,AU,$168
Tokyo Century Corp,JP,"$5,001"
Hokuhoku Financial Group Inc,JP,"$1,748"
National Bank Holdings Corp,US,"$1,676"
Ringkjoebing Landbobank A/S,DK,"$4,185"
IDBI Bank Ltd,IN,"$9,209"
First Northwest Bancorp,US,$102
Sandy Spring Bancorp Inc,US,"$1,572"
Capital Bancorp Inc,US,$539
Green Dot Corp,US,$496
VZ Holding AG,CH,"$6,976"
First Financial Northwest Inc,US,$200
Farmers & Merchants Bancorp Inc,US,$373
Capital Securities Corp Ltd,CN,"$7,795"
First Financial Bankshares Inc,US,"$5,448"
Colony Bankcorp Inc,US,$309
Vietnam Joint Stock Commercial Bank for Industry and Trade,VN,"$8,519"
Deterra Royalties Ltd,AU,"$1,358"
Community West Bancshares,US,$368
Midland States Bancorp Inc,US,$430
Export Development Bank of Egypt SAE,EG,$357
Chiba Bank Ltd,JP,"$6,990"
Seacoast Banking Corporation of Florida,US,"$2,569"
Farmers National Banc Corp,US,$543
SmartFinancial Inc,US,$613
Red River Bancshares Inc,US,$393
Burford Capital Ltd,GG,"$3,267"
United Bank for Africa PLC,NG,$897
Sparebanken Vest,NO,"$1,378"
Mr Cooper Group Inc,US,"$6,867"
Bank of Tianjin Co Ltd,CN,"$1,363"
Lendingtree Inc,US,$603
Central Depository Services (India) Ltd,IN,"$2,976"
Dah Sing Financial Holdings Ltd,HK,"$1,173"
Freedom Holding Corp,KZ,"$9,086"
Zhongtai Securities Co Ltd,CN,"$6,218"
City of London Investment Group PLC,GB,$224
Interactive Brokers Group Inc,US,"$93,576"
Metropolitan Bank Holding Corp,US,$714
Salafin SA,MA,$182
Union Bank of India Ltd,IN,"$10,113"
AGF Management Ltd,CA,$493
Heartland Group Holdings Ltd,NZ,$588
Business First Bancshares Inc,US,$825
Infratil Ltd,NZ,"$6,081"
MVB Financial Corp,US,$268
United Bankshares Inc,US,"$5,500"
OFG Bancorp,PR,"$2,001"
Sparebank 1 Nord-Norge,NO,"$1,162"
Aptus Value Housing Finance India Ltd,IN,"$1,775"
Federal Agricultural Mortgage Corp,US,"$2,119"
Mebuki Financial Group Inc,JP,"$4,219"
Enova International Inc,US,"$2,956"
goeasy Ltd,CA,"$1,932"
Lufax Holding Ltd,CN,"$2,193"
Main Street Capital Corp,US,"$5,317"
Prosperity Bancshares Inc,US,"$7,579"
Provident Financial Services Inc,US,"$2,543"
Blue Owl Capital Inc,US,"$35,187"
Mizuho Leasing Co Ltd,JP,"$1,930"
Franklin Financial Services Corp,US,$165
Gold Royalty Corp,CA,$240
ASA International Group PLC,NL,$108
JAFCO Group Co Ltd,JP,$834
Xiamen Bank Co Ltd,CN,"$2,019"
UCO Bank,IN,"$5,505"
Onex Corp,CA,"$5,449"
Bank of Maharashtra Ltd,IN,"$4,326"
Indian Energy Exchange Ltd,IN,"$1,760"
Cadence Bank,US,"$6,512"
WaFd Inc,US,"$2,503"
Independent Bank Corp (Michigan),US,$762
Bank of Jiangsu Co Ltd,CN,"$23,934"
Eagle Bancorp Montana Inc,US,$123
Saudi Awwal Bank SJSC,SA,"$19,671"
Bank of Lanzhou Co Ltd,CN,"$1,871"
Northfield Bancorp Inc,US,$526
First of Long Island Corp,US,$318
Bank First Corp,US,"$1,041"
First Bancorp (North Carolina),US,"$1,847"
Mortgage Advice Bureau (Holdings) PLC,GB,$635
Meridian Corp,US,$190
Nelnet Inc,US,"$4,077"
Foresight Environmental Infrastructure Ltd,GG,$543
Faisal Islamic Bank of Egypt SAE,EG,$584
First Western Financial Inc,US,$210
Chemung Financial Corp,US,$247
Aeon Thana Sinsap Thailand PCL,TH,$812
Peoples Bancorp Inc,US,"$1,188"
Huishang Bank Corp Ltd,CN,"$4,528"
Magellan Financial Group Ltd,AU,"$1,101"
Brookline Bancorp Inc,US,"$1,120"
BayCom Corp,US,$324
Old Point Financial Corp,US,$130
Peoples Financial Services Corp,US,$531
Corporacion Actinver SAB de CV,MX,$475
Guaranty Trust Holding Company PLC,NG,"$1,237"
Tata Investment Corporation Ltd,IN,"$3,152"
Shengjing Bank Co Ltd,CN,"$1,276"
Guardian Capital Group Ltd,CA,$766
TrustCo Bank Corp NY,US,$653
Alaris Equity Partners Income Trust,CA,$637
HarbourVest Global Private Equity Ltd,GG,"$2,469"
First International Bank of Israel Ltd,IL,"$5,293"
dfcu Ltd,UG,$47
StepStone Group Inc,US,"$6,952"
Fidelity D&D Bancorp Inc,US,$267
CNB Financial Corp,US,$560
Guaranty Bancshares Inc,US,$475
Sprott Inc,CA,"$1,123"
Timberland Bancorp Inc,US,$247
Canara Bank Ltd,IN,"$9,463"
CFG Bank SA,MA,$830
German American Bancorp Inc,US,"$1,531"
Jinshang Bank Co Ltd,CN,"$1,139"
Civista Bancshares Inc,US,$344
Acom Co Ltd,JP,"$4,013"
SICO BSC C,BH,$184
Metrocity Bankshares Inc,US,$818
Bank of Hangzhou Co Ltd,CN,"$12,236"
Compagnie Financiere Tradition SA,CH,"$1,772"
CI Financial Corp,CA,"$3,148"
1st Source Corp,US,"$1,659"
Bank of India Ltd,IN,"$5,377"
Bank Nizwa SAOG,OM,$587
Navigator Global Investments Ltd,AU,$494
Bank of Guiyang Co Ltd,CN,"$2,932"
Hills Bancorp,US,$635
BCB Bancorp Inc,US,$180
Midwestone Financial Group Inc (IOWA),US,$672
Fiera Capital Corp,CA,$455
SouthState Corp,US,"$10,761"
Discover Financial Services,US,"$48,890"
Home BancShares Inc,US,"$6,211"
Old Second Bancorp Inc,US,$866
BancFirst Corp,US,"$4,072"
First Community Corp (South Carolina),US,$210
Khaleeji Bank BSC,BH,$267
Bankwell Financial Group Inc,US,$247
Safwa Islamic Bank PSC,JO,$359
Hope Bancorp Inc,US,"$1,418"
Omni Bridgeway Ltd,AU,$245
Equity Bancshares Inc,US,$778
WSFS Financial Corp,US,"$3,429"
Bank7 Corp,US,$406
Western New England Bancorp Inc,US,$204
Silvercrest Asset Management Group Inc,US,$258
Hong Leong Finance Ltd,SG,$822
Japan Securities Finance Co Ltd,JP,"$1,052"
S&U PLC,GB,$242
Founder Securities Co Ltd,CN,"$9,193"
Ahli Bank QPSC,QA,"$2,449"
Premier Financial Corp (OHIO),US,"$1,055"
Park National Corp,US,"$2,812"
FirstRand Bank Ltd,ZA,$156
WesBanco Inc,US,"$2,481"
Citizens & Northern Corp,US,$338
Al Waha Capital PJSC,AE,$800
First Capital Inc,US,$115
Bank of XiAn Co Ltd,CN,"$2,177"
Srisawad Corporation PCL,TH,"$1,662"
Patria Investments Ltd,KY,"$1,856"
Moltiply Group SpA,IT,"$1,558"
Samba Bank Ltd,PK,$32
Qilu Bank Co Ltd,CN,"$3,851"
Fukuoka Financial Group Inc,JP,"$4,919"
Preferred Bank,US,"$1,215"
Foeroya Banki P/F,FO,$230
SBI Holdings Inc,JP,"$8,494"
Orange County Bancorp Inc,US,$308
KDB Tifa Finance Tbk PT,ID,$119
Customers Bancorp Inc,US,"$1,821"
Bank Aljazira SJSC,SA,"$5,073"
USCB Financial Holdings Inc,US,$389
J-Yuan Trust Co Ltd,CN,"$4,554"
Westamerica Bancorp,US,"$1,358"
ESSA Bancorp Inc,US,$225
LendingClub Corp,US,"$1,502"
Shizuoka Financial Group Inc,JP,"$5,277"
Flagstar Financial Inc,US,"$5,363"
Greene County Bancorp Inc,US,$456
Punjab National Bank,IN,"$12,669"
Southern Missouri Bancorp Inc,US,$694
First Merchants Corp,US,"$2,651"
MAS Financial Services Ltd,IN,$511
Primis Financial Corp,US,$280
FTAI Aviation Ltd,US,"$12,256"
Moelis & Co,US,"$5,811"
Masraf Al Rayan QPSC,QA,"$6,064"
HBT Financial Inc,US,$794
Esquire Financial Holdings Inc,US,$713
Landmark Bancorp Inc,US,$144
Dlala Brokerage and Investment Holding Co QPSC,QA,$58
Mutares SE & Co KgaA,DE,$599
Blue Owl Capital Corp,US,"$7,709"
Provident Bancorp Inc (Maryland),US,$227
Onity Group Inc,US,$316
Future Generation Australia Ltd,AU,$327
Hachijuni Bank Ltd,JP,"$3,089"
Housing and Urban Development Corporation Ltd,IN,"$4,443"
Central Bank of India Ltd,IN,"$4,863"
Banque Cantonale de Geneve,CH,"$2,158"
Eastern Bankshares Inc,US,"$4,041"
Wuxi Rural Commercial Bank Co Ltd,CN,"$1,739"
Provident Financial Holdings Inc,US,$107
Kyushu Financial Group Inc,JP,"$2,332"
Shore Bancshares Inc,US,$558
Security National Financial Corp,US,$314
Peoples Bancorp of North Carolina Inc,US,$165
Consumer Portfolio Services Inc,US,$237
Bank Amar Indonesia PT,ID,$176
Gunma Bank Ltd,JP,"$2,826"
Houlihan Lokey Inc,US,"$12,616"
X Financial,CN,$410
Unity Bancorp Inc,US,$499
Jiangsu Zhangjiagang Rural Commercial Bank Co Ltd,CN,"$1,425"
National Bank of Oman SAOG,OM,"$1,225"
UWM Holdings Corp,US,"$10,021"
EZCORP Inc,US,$767
Capitol Federal Financial Inc,US,$815
Bahrain Commercial Facilities Co BSC,BH,$157
Oak Valley Bancorp,US,$234
Firstcash Holdings Inc,US,"$5,117"
First Savings Financial Group Inc,US,$171
UOB-Kay Hian Holdings Ltd,SG,"$1,306"
Atrium Mortgage Investment Corp,CA,$357
Axos Financial Inc,US,"$4,116"
Penns Woods Bancorp Inc,US,$239
Territorial Bancorp Inc,US,$77
Horizon Bancorp Inc,US,$777
9F Inc,CN,$16
Zheshang Securities Co Ltd,CN,"$7,455"
Suruga Bank Ltd,JP,"$1,677"
Third Coast Bancshares Inc,US,$524
First Mid Bancshares Inc,US,$938
Indian Overseas Bank,IN,"$10,398"
Trustmark Corp,US,"$2,353"
First Guaranty Bancshares Inc,US,$127
Indian Railway Finance Corp Ltd,IN,"$18,875"
Casa de Bolsa Finamex SAB de CV,MX,$91
Hawthorn Bancshares Inc,US,$225
Aiful Corp,JP,"$1,141"
Shaanxi International Trust Co Ltd,CN,"$2,575"
GAMCO Investors Inc,US,$612
BOC Aviation Ltd,SG,"$5,197"
NerdWallet Inc,US,$996
Schweizerische Nationalbank,CH,$395
Northeast Bank,US,$914
Merchants Bancorp,US,"$1,990"
ACNB Corp,US,$440
Sterling Bancorp Inc,US,$251
JACCS Co Ltd,JP,$880
First National Financial Corp,CA,"$1,685"
Maghrebine De Credit Bail Leasing Ste SA,MA,$124
Arbuthnot Banking Group PLC,GB,$194
Siebert Financial Corp,US,$106
Bgc Group Inc,US,"$4,452"
Bank of NT Butterfield & Son Ltd,BM,"$1,864"
SWK Holdings Corp,US,$204
First Community Bankshares Inc,US,$823
HomeTrust Bancshares Inc,US,$661
ConnectOne Bancorp Inc,US,"$1,057"
Cullen/Frost Bankers Inc,US,"$9,135"
Versabank,CA,$446
Bank Dhofar SAOG,OM,"$1,176"
Vseobecna Uverova Banka as,SK,$644
Coastal Financial Corp (EVERETT),US,"$1,326"
First Citizens BancShares Inc (Delaware),US,"$31,369"
Logistics Development Group PLC,GB,$94
Avation PLC,SG,$116
Allane SE,DE,$189
Ajman Bank PJSC,AE,"$1,261"
First Financial Corp,US,$634
Pioneer Bancorp Inc,US,$301
Ithmaar Holding BSC,BH,
Simmons First National Corp,US,"$2,906"
Stellar Bancorp Inc,US,"$1,595"
Atlanticus Holdings Corp,US,$868
MainStreet Bancshares Inc,US,$126
Riverstone Energy Ltd,GG,$239
Goldman Sachs BDC Inc,US,"$1,494"
Kvika banki hf,IS,$711
NAXS AB (publ),SE,$57
Guangdong Golden Dragon Development Inc,CN,"$1,849"
Petershill Partners PLC,GB,"$3,598"
Cinda Securities Co Ltd,CN,"$6,267"
Great Southern Bancorp Inc,US,$723
United Security Bancshares,US,$173
Ames National Corp,US,$164
Golub Capital BDC Inc,US,"$4,166"
Punjab & Sind Bank,IN,"$3,444"
Finance House PJSC,AE,$189
Commercial Bank International PJSC,AE,$331
Sharjah Islamic Bank PJSC,AE,"$2,431"
NewtekOne Inc,US,$339
Arrow Financial Corp,US,$456
Ponce Financial Group Inc,US,$325
Clairvest Group Inc,CA,$681
Republic Bancorp Inc,US,"$1,324"
Home Bancorp Inc,US,$412
Richmond Mutual Bancorporation Inc,US,$153
Associated Capital Group Inc,US,$799
RAPCO Investment PJSC,AE,$42
BankFinancial Corp,US,$166
Amlak International Finance Company SJSC,SA,$361
TFS Financial Corp,US,"$3,830"
Guosheng Financial Holding Inc,CN,"$3,964"
Reinet Investments SCA,LU,"$5,089"
Qatar Oman Investment Company QPSC,QA,$63
OYAK Yatirim Ortakligi AS,TR,$13
Perella Weinberg Partners,US,"$2,138"
Ohio Valley Banc Corp,US,$116
B Riley Financial Inc,US,$131
C&F Financial Corp,US,$278
Cymbria Corp,CA,$837
CNFinance Holdings Ltd,CN,$83
Umm Al Qaiwain General Investment Co PSC,AE,$109
UP Fintech Holding Ltd,CN,"$1,376"
Valartis Group AG,CH,$41
FVCBankcorp Inc,US,$226
Timbercreek Financial Corp,CA,$395
Chugin Financial Group Inc,JP,"$1,923"
National Bankshares Inc,US,$181
Citizens Financial Services Inc,US,$305
Evans Bancorp Inc,US,$248
Bank AL-Habib Ltd,PK,$564
SB Financial Group Inc,US,$156
Sohar International Bank SAOG,OM,"$2,304"
Shanghai AJ Group Co Ltd,CN,"$1,114"
HBM Healthcare Investments AG,CH,"$1,491"
Virtu Financial Inc,US,"$5,812"
ChoiceOne Financial Services Inc,US,$298
360 Capital Group Ltd,AU,$76
Castle Private Equity AG,CH,$44
Trencor Ltd,ZA,$78
Blue Ridge Bankshares Inc,US,$303
Orient Corp,JP,$913
Bogota Financial Corp,US,$104
ALAFCO Avaiation Lease and Finance Company KSCP,KW,$70
Parke Bancorp Inc,US,$237
Norwood Financial Corp,US,$241
Grupo Financiero Multiva SAB de CV,MX,$262
Firm Capital Mortgage Investment Corp,CA,$303
Virginia National Bankshares Corp,US,$195
Qatar International Islamic Bank QPSC,QA,"$4,464"
BlackRock TCP Capital Corp,US,$783
Grupo Financiero Inbursa SAB de CV,MX,"$13,703"
Medallion Financial Corp,US,$198
MidCap Financial Investment Corp,US,"$1,334"
Zeder Investments Ltd,ZA,$132
Southwest Securities International Securities Ltd,HK,$14
Exchange Bank,US,$199
Alpine Select AG,CH,$75
AdCapital AG,DE,$24
Hingham Institution For Savings,US,$603
Ekttitab Holding Company KSCP,KW,$15
AP Alternative Portfolio AG,CH,$26
Garovaglio y Zorraquin SA,AR,$7
Airesis SA,CH,$3
Private Equity Holding AG,CH,$202
Dukhan Bank QPSC,QA,"$5,413"
Grand Parade Investments Ltd,ZA,$82
California First Leasing Corp,US,$216
Bank of Greece,GR,$297